,diocese_id,diocese_name,average_combined_score,average_ratio_score,count_positive_score,total_events,unique_persons,likelihood
145,https://g17.dhi-roma.it/resources/institution_176,Cauriensis,0.4464285714285714,0.4880952380952381,6,12,1,significant
339,https://g17.dhi-roma.it/resources/institution_423,Nucerina,0.3449411764705882,0.3778823529411765,10,25,1,significant
194,https://g17.dhi-roma.it/resources/institution_236,Dolensis,0.33617424242424243,0.3996212121212121,9,22,1,significant
173,https://g17.dhi-roma.it/resources/institution_209,Conseranensis,0.2857142857142857,0.2857142857142857,2,7,1,significant
525,https://g17.dhi-roma.it/resources/institution_68,Arelatensis,0.2777777777777778,0.3333333333333333,3,9,1,significant
221,https://g17.dhi-roma.it/resources/institution_273,Gallipolitana,0.25,0.25,2,6,1,significant
162,https://g17.dhi-roma.it/resources/institution_197,Clusinensis,0.25,0.25,3,12,1,significant
282,https://g17.dhi-roma.it/resources/institution_356,Marianensis,0.24038461538461536,0.24038461538461536,2,8,1,significant
300,https://g17.dhi-roma.it/resources/institution_379,Miletensis,0.23905723905723905,0.2760942760942761,3,9,1,significant
279,https://g17.dhi-roma.it/resources/institution_352,Macleviensis,0.21428571428571427,0.2857142857142857,4,14,1,significant
213,https://g17.dhi-roma.it/resources/institution_264,Foroliviensis,0.20833333333333334,0.22916666666666669,4,16,1,significant
302,https://g17.dhi-roma.it/resources/institution_381,Mimatensis,0.20227038183694532,0.24664602683178535,10,38,1,significant
377,https://g17.dhi-roma.it/resources/institution_469,Portugallensis,0.20054945054945053,0.25824175824175827,4,14,1,significant
185,https://g17.dhi-roma.it/resources/institution_222,Cremensis,0.2,0.2,1,5,1,significant
56,https://g17.dhi-roma.it/resources/institution_1106,nullius seu sancti flori,0.2,0.2,1,5,1,significant
507,https://g17.dhi-roma.it/resources/institution_638,Vivariensis,0.19690992767915844,0.2695595003287311,4,13,1,significant
180,https://g17.dhi-roma.it/resources/institution_216,Corisopitensis,0.19675925925925927,0.22685185185185186,7,27,1,significant
564,https://g17.dhi-roma.it/resources/institution_81,Aturensis,0.1876750700280112,0.23529411764705882,5,21,1,significant
406,https://g17.dhi-roma.it/resources/institution_501,Sagiensis,0.18668503213957757,0.23213957759412304,8,33,1,significant
365,https://g17.dhi-roma.it/resources/institution_456,Pientina,0.1854636591478697,0.3709273182957394,6,14,1,significant
493,https://g17.dhi-roma.it/resources/institution_620,Venetensis,0.17753759398496244,0.24718045112781956,7,25,1,high
289,https://g17.dhi-roma.it/resources/institution_364,Matisconensis,0.15961472308221536,0.2081183350533196,8,34,1,high
417,https://g17.dhi-roma.it/resources/institution_517,Sancti Papuli,0.15,0.2,2,10,1,high
530,https://g17.dhi-roma.it/resources/institution_687,Tudertin,0.14008295625942682,0.28016591251885364,4,12,1,high
108,https://g17.dhi-roma.it/resources/institution_132,Brugnatensis,0.1393939393939394,0.2787878787878788,2,5,1,high
311,https://g17.dhi-roma.it/resources/institution_392,Montis Alti/Montisalti,0.13846153846153847,0.1769230769230769,2,10,1,high
211,https://g17.dhi-roma.it/resources/institution_262,Florentina,0.13818181818181818,0.27636363636363637,7,25,1,high
487,https://g17.dhi-roma.it/resources/institution_610,Vapincensis,0.13775510204081634,0.20408163265306123,3,14,1,high
403,https://g17.dhi-roma.it/resources/institution_499,Ruthenensis,0.13693810857676406,0.18143924236361214,13,63,1,high
551,https://g17.dhi-roma.it/resources/institution_714,Fanensis,0.13567251461988306,0.1824561403508772,2,9,1,high
271,https://g17.dhi-roma.it/resources/institution_344,Lucana,0.13493011621124423,0.22600058329968142,10,38,1,high
554,https://g17.dhi-roma.it/resources/institution_719,Imolensis,0.1341880341880342,0.2683760683760684,3,9,1,high
361,https://g17.dhi-roma.it/resources/institution_450,Pennensis,0.13414634146341464,0.2682926829268293,11,41,1,high
39,https://g17.dhi-roma.it/resources/institution_1089,castrensis provincia bituricensis,0.13390313390313388,0.13390313390313388,3,21,1,high
172,https://g17.dhi-roma.it/resources/institution_208,Consanensis,0.1322314049586777,0.2644628099173554,3,11,1,high
436,https://g17.dhi-roma.it/resources/institution_542,Squillacensis,0.12962962962962965,0.1851851851851852,2,9,1,high
544,https://g17.dhi-roma.it/resources/institution_705,Montis Pelusii,0.1294979530273648,0.16375781081663435,4,21,1,high
391,https://g17.dhi-roma.it/resources/institution_486,Regiensis,0.12867647058823528,0.1661764705882353,4,20,1,high
440,https://g17.dhi-roma.it/resources/institution_55,Aniciensis,0.12724014336917563,0.15770609318996417,5,31,1,high
249,https://g17.dhi-roma.it/resources/institution_317,Lascurensis,0.12626262626262627,0.16161616161616163,2,11,1,high
456,https://g17.dhi-roma.it/resources/institution_57,Appamiensis / Appamiarum,0.12603174603174602,0.1898412698412698,3,15,1,high
438,https://g17.dhi-roma.it/resources/institution_548,Sulmonensis,0.12525252525252528,0.1696969696969697,2,9,1,high
454,https://g17.dhi-roma.it/resources/institution_566,Tirasonensis,0.125,0.16666666666666666,2,12,1,high
128,https://g17.dhi-roma.it/resources/institution_153,Camplensis,0.125,0.25,2,8,1,high
193,https://g17.dhi-roma.it/resources/institution_235,Diensis,0.12244897959183675,0.12244897959183675,1,7,1,high
397,https://g17.dhi-roma.it/resources/institution_493,Rossanensis,0.1211764705882353,0.2423529411764706,3,10,1,high
306,https://g17.dhi-roma.it/resources/institution_386,Mirapicensis,0.12,0.12,1,8,1,high
126,https://g17.dhi-roma.it/resources/institution_151,Campaniensis,0.11929824561403508,0.23859649122807017,2,7,1,high
420,https://g17.dhi-roma.it/resources/institution_521,Sarlatensis,0.11385569852941177,0.14315257352941177,5,32,1,typical
392,https://g17.dhi-roma.it/resources/institution_487,Remensis,0.10900852878464819,0.15831556503198296,11,67,1,typical
103,https://g17.dhi-roma.it/resources/institution_127,Briocensis,0.10714285714285714,0.14285714285714285,2,14,1,typical
471,https://g17.dhi-roma.it/resources/institution_589,Turonensis,0.10609719737626715,0.1191711389385808,11,86,1,typical
573,https://g17.dhi-roma.it/resources/institution_94,Baiocensis,0.10585919928025192,0.14077822762033287,8,52,1,typical
363,https://g17.dhi-roma.it/resources/institution_453,Petrocoricensis,0.10532467532467532,0.11532467532467532,6,50,1,typical
501,https://g17.dhi-roma.it/resources/institution_63,Aquilana,0.1035650623885918,0.2071301247771836,11,48,1,typical
210,https://g17.dhi-roma.it/resources/institution_261,Firmana,0.10266197940346547,0.20532395880693094,8,33,1,typical
316,https://g17.dhi-roma.it/resources/institution_400,Muranensis,0.10113636363636364,0.20227272727272727,3,11,1,typical
570,https://g17.dhi-roma.it/resources/institution_91,Avellinensis,0.1,0.2,1,5,1,typical
201,https://g17.dhi-roma.it/resources/institution_248,Elvensis,0.1,0.2,1,5,1,typical
263,https://g17.dhi-roma.it/resources/institution_333,Liciensis,0.1,0.1,1,10,1,typical
14,https://g17.dhi-roma.it/resources/institution_1061,Viennensis in Delphinatu,0.1,0.13333333333333333,4,30,1,typical
254,https://g17.dhi-roma.it/resources/institution_323,Lectoriensis,0.1,0.13333333333333333,2,15,1,typical
236,https://g17.dhi-roma.it/resources/institution_297,Hydruntina,0.0967428293631502,0.1934856587263004,6,22,1,typical
521,https://g17.dhi-roma.it/resources/institution_670,Vasatensis,0.09612726669615215,0.1396229544449359,6,38,1,typical
60,https://g17.dhi-roma.it/resources/institution_111,Bisuntina,0.09288194444444445,0.1232638888888889,8,64,1,typical
140,https://g17.dhi-roma.it/resources/institution_168,Castrensis,0.09259259259259262,0.09259259259259262,1,9,1,typical
443,https://g17.dhi-roma.it/resources/institution_552,Tarbiensis,0.09210526315789473,0.10526315789473684,4,38,1,typical
566,https://g17.dhi-roma.it/resources/institution_85,Aurelianensis,0.09148550724637682,0.125,9,69,1,typical
155,https://g17.dhi-roma.it/resources/institution_189,Civitatis Castelli,0.09090909090909091,0.18181818181818182,6,26,1,typical
482,https://g17.dhi-roma.it/resources/institution_604,Vabrensis,0.09090909090909091,0.09090909090909091,2,22,1,typical
414,https://g17.dhi-roma.it/resources/institution_513,Sancti Flori,0.08928571428571429,0.13311688311688313,6,44,1,typical
331,https://g17.dhi-roma.it/resources/institution_414,Neritonensis,0.0875,0.175,3,16,1,typical
547,https://g17.dhi-roma.it/resources/institution_709,Noviomensis,0.08717948717948718,0.1094017094017094,5,45,1,typical
265,https://g17.dhi-roma.it/resources/institution_336,Lingonensis,0.086284504533973,0.11232804521252432,10,83,1,typical
200,https://g17.dhi-roma.it/resources/institution_246,Elnensis,0.08333333333333334,0.09523809523809525,3,28,1,typical
396,https://g17.dhi-roma.it/resources/institution_491,Rivensis,0.08333333333333333,0.1111111111111111,2,18,1,typical
209,https://g17.dhi-roma.it/resources/institution_26,Agennensis,0.08333333333333333,0.125,3,24,1,typical
149,https://g17.dhi-roma.it/resources/institution_180,Cenetensis,0.08333333333333333,0.16666666666666666,1,6,1,typical
153,https://g17.dhi-roma.it/resources/institution_187,Civitatensis Provinciae Compostellani,0.08333333333333333,0.08333333333333333,1,12,1,typical
255,https://g17.dhi-roma.it/resources/institution_324,Legionensis,0.08271298593879238,0.10339123242349049,4,31,1,typical
114,https://g17.dhi-roma.it/resources/institution_138,Cabilonensis,0.08080808080808081,0.10858585858585859,4,36,1,typical
262,https://g17.dhi-roma.it/resources/institution_332,Lexoviensis,0.08043794440853265,0.10485347985347986,6,51,1,typical
409,https://g17.dhi-roma.it/resources/institution_504,Salernitana,0.07894736842105263,0.10526315789473684,2,19,1,typical
251,https://g17.dhi-roma.it/resources/institution_319,Laudunensis,0.07894736842105263,0.07894736842105263,3,38,1,typical
437,https://g17.dhi-roma.it/resources/institution_547,Suessionensis,0.07871396895787139,0.10864745011086474,9,82,1,typical
159,https://g17.dhi-roma.it/resources/institution_192,Claromontensis,0.07708211700196706,0.09812537652966996,13,121,1,typical
196,https://g17.dhi-roma.it/resources/institution_241,Eburovicensis,0.0769263845889233,0.09592148262813897,5,48,1,typical
519,https://g17.dhi-roma.it/resources/institution_669,Uticensis,0.07692307692307693,0.07692307692307693,2,26,1,typical
389,https://g17.dhi-roma.it/resources/institution_483,Recanatensis,0.07692307692307693,0.15384615384615385,2,13,1,typical
98,https://g17.dhi-roma.it/resources/institution_120,Bononiensis,0.07578947368421052,0.15157894736842104,3,19,1,typical
457,https://g17.dhi-roma.it/resources/institution_570,Tolosana,0.07543103448275862,0.08189655172413793,5,58,1,typical
401,https://g17.dhi-roma.it/resources/institution_497,Rupellensis,0.075,0.125,10,80,1,typical
275,https://g17.dhi-roma.it/resources/institution_349,Lugdunensis,0.07436766249459749,0.11725384350771348,12,90,1,typical
276,https://g17.dhi-roma.it/resources/institution_35,Albinganensis,0.07407407407407407,0.07407407407407407,2,27,1,typical
115,https://g17.dhi-roma.it/resources/institution_139,Cadurcensis,0.07392026578073091,0.09136212624584718,8,86,1,typical
510,https://g17.dhi-roma.it/resources/institution_643,Vulturariensis,0.07142857142857142,0.14285714285714285,1,5,1,typical
119,https://g17.dhi-roma.it/resources/institution_142,Caietana,0.07142857142857142,0.14285714285714285,1,7,1,typical
542,https://g17.dhi-roma.it/resources/institution_703,Sancti Angeli de Lombardis,0.07142857142857142,0.14285714285714285,1,7,1,typical
223,https://g17.dhi-roma.it/resources/institution_276,Gebennensis,0.07142857142857142,0.11428571428571428,4,35,1,typical
360,https://g17.dhi-roma.it/resources/institution_45,Ambianensis,0.06914893617021277,0.07446808510638298,7,94,1,typical
432,https://g17.dhi-roma.it/resources/institution_534,Silvanectensis,0.06828885400313972,0.10800627943485086,4,35,1,typical
321,https://g17.dhi-roma.it/resources/institution_405,Narniensis,0.06680161943319837,0.13360323886639675,3,19,1,typical
568,https://g17.dhi-roma.it/resources/institution_90,Auxitana,0.06608482485675468,0.08376159253352235,5,54,1,typical
320,https://g17.dhi-roma.it/resources/institution_404,Narbonensis,0.06576797385620915,0.08986928104575163,5,48,1,typical
532,https://g17.dhi-roma.it/resources/institution_69,Aretina,0.06528354602431473,0.10617684814619044,5,41,1,typical
293,https://g17.dhi-roma.it/resources/institution_369,Mediolanensis,0.06318910256410257,0.10637820512820513,5,40,1,typical
364,https://g17.dhi-roma.it/resources/institution_455,Pictaviensis,0.0626708317063647,0.07431992711180528,16,197,1,typical
144,https://g17.dhi-roma.it/resources/institution_174,Cathacensis,0.0625,0.125,1,8,1,typical
202,https://g17.dhi-roma.it/resources/institution_25,Agathensis,0.0625,0.0625,2,32,1,typical
198,https://g17.dhi-roma.it/resources/institution_243,Augustodunensis,0.0606516290726817,0.09590643274853801,7,63,1,typical
483,https://g17.dhi-roma.it/resources/institution_605,Valentina,0.06060606060606061,0.09090909090909091,3,33,1,typical
175,https://g17.dhi-roma.it/resources/institution_211,Convenarum,0.05896805896805896,0.06388206388206388,5,74,1,typical
3,https://g17.dhi-roma.it/resources/institution_1018,Casalensis,0.058823529411764705,0.058823529411764705,1,14,1,typical
21,https://g17.dhi-roma.it/resources/institution_1069,eduensis,0.058823529411764705,0.058823529411764705,1,17,1,typical
64,https://g17.dhi-roma.it/resources/institution_1117,electensis,0.058823529411764705,0.11764705882352941,1,7,1,typical
538,https://g17.dhi-roma.it/resources/institution_699,Aquensis in Provincie,0.058823529411764705,0.058823529411764705,1,17,1,typical
572,https://g17.dhi-roma.it/resources/institution_93,Avinionensis,0.058823529411764705,0.058823529411764705,1,17,1,typical
205,https://g17.dhi-roma.it/resources/institution_254,Faventina,0.05840676351512265,0.1168135270302453,5,38,1,typical
272,https://g17.dhi-roma.it/resources/institution_345,Lucensis,0.057692307692307696,0.11538461538461539,2,14,1,typical
274,https://g17.dhi-roma.it/resources/institution_348,Lucionensis,0.057692307692307696,0.07692307692307693,4,52,1,typical
142,https://g17.dhi-roma.it/resources/institution_172,Catalaunensis,0.057489963739963734,0.0736046361046361,7,78,1,typical
528,https://g17.dhi-roma.it/resources/institution_682,Bisceglie,0.05714285714285715,0.1142857142857143,2,15,1,typical
475,https://g17.dhi-roma.it/resources/institution_592,Ugentina,0.05714285714285715,0.1142857142857143,1,7,1,typical
188,https://g17.dhi-roma.it/resources/institution_23,Adriensis,0.05714285714285715,0.1142857142857143,1,7,1,typical
131,https://g17.dhi-roma.it/resources/institution_157,Carcassonensis,0.05714285714285714,0.05714285714285714,2,35,1,typical
399,https://g17.dhi-roma.it/resources/institution_495,Rothomagensis,0.05644146193509251,0.07466636336063089,13,157,1,typical
455,https://g17.dhi-roma.it/resources/institution_569,Toletana,0.05555555555555555,0.05555555555555555,1,18,1,typical
110,https://g17.dhi-roma.it/resources/institution_134,Burgensis,0.05555555555555555,0.1111111111111111,3,27,1,typical
550,https://g17.dhi-roma.it/resources/institution_713,Elborensis,0.05555555555555555,0.1111111111111111,1,9,1,typical
328,https://g17.dhi-roma.it/resources/institution_411,Nemausensis,0.05432372505543238,0.0665188470066519,3,41,1,typical
404,https://g17.dhi-roma.it/resources/institution_50,Andegavensis,0.05349846782431052,0.0698842356145727,19,267,1,typical
6,https://g17.dhi-roma.it/resources/institution_104,Bellovacensis,0.052910052910052914,0.07407407407407408,5,63,1,typical
168,https://g17.dhi-roma.it/resources/institution_204,Conchensis,0.0527027027027027,0.07837837837837838,3,37,1,typical
239,https://g17.dhi-roma.it/resources/institution_305,Ispalensis,0.052691387559808615,0.10538277511961723,5,44,1,typical
535,https://g17.dhi-roma.it/resources/institution_694,Patavina,0.05263157894736842,0.10526315789473684,2,19,1,typical
317,https://g17.dhi-roma.it/resources/institution_401,Mutinensis,0.05263157894736842,0.05263157894736842,1,19,1,typical
569,https://g17.dhi-roma.it/resources/institution_904,Syracuse,0.05102040816326531,0.10204081632653061,1,7,1,typical
370,https://g17.dhi-roma.it/resources/institution_460,Placentina provinciae Bononiensis,0.05036764705882353,0.07224264705882352,5,64,1,typical
99,https://g17.dhi-roma.it/resources/institution_123,Bovensis,0.05,0.1,1,10,1,typical
574,https://g17.dhi-roma.it/resources/institution_95,Baionensis,0.05,0.1,1,10,1,typical
137,https://g17.dhi-roma.it/resources/institution_164,Casertana,0.05,0.1,1,10,1,typical
72,https://g17.dhi-roma.it/resources/institution_113,Biterensis,0.04941860465116279,0.09883720930232558,5,43,1,typical
393,https://g17.dhi-roma.it/resources/institution_488,Rheginensis,0.04938271604938271,0.09876543209876543,1,9,1,typical
319,https://g17.dhi-roma.it/resources/institution_403,Nannetensis,0.048809523809523817,0.05476190476190476,4,70,1,typical
408,https://g17.dhi-roma.it/resources/institution_503,Salamantina,0.04838709677419355,0.06451612903225806,2,31,1,typical
523,https://g17.dhi-roma.it/resources/institution_677,Alatrina,0.04807692307692307,0.09615384615384615,1,8,1,typical
258,https://g17.dhi-roma.it/resources/institution_327,Lemovicensis,0.0479477044694436,0.06032228640924293,9,138,1,typical
167,https://g17.dhi-roma.it/resources/institution_203,Compostellana,0.04727668845315904,0.07363834422657951,4,45,1,typical
109,https://g17.dhi-roma.it/resources/institution_133,Burdegalensis,0.046686496380730504,0.07357101256344122,8,101,1,typical
485,https://g17.dhi-roma.it/resources/institution_608,Vallisolitana,0.045454545454545456,0.09090909090909091,1,11,1,typical
242,https://g17.dhi-roma.it/resources/institution_308,Januensis,0.045454545454545456,0.045454545454545456,1,22,1,typical
476,https://g17.dhi-roma.it/resources/institution_593,Ulixboniensis,0.045454545454545456,0.09090909090909091,2,22,1,typical
250,https://g17.dhi-roma.it/resources/institution_318,Laudensis,0.045454545454545456,0.09090909090909091,1,11,1,typical
0,https://g17.dhi-roma.it/resources/institution_100,Barensis,0.045454545454545456,0.09090909090909091,2,22,1,typical
208,https://g17.dhi-roma.it/resources/institution_259,Feruntina,0.044444444444444446,0.044444444444444446,1,15,1,typical
518,https://g17.dhi-roma.it/resources/institution_668,Vercellensis,0.04385964912280702,0.08771929824561404,2,19,1,typical
559,https://g17.dhi-roma.it/resources/institution_74,Asculana,0.043338815789473684,0.08667763157894737,4,40,1,typical
150,https://g17.dhi-roma.it/resources/institution_181,Cenomanensis,0.04318753142282554,0.0489693313222725,8,153,1,typical
334,https://g17.dhi-roma.it/resources/institution_418,Nivernensis,0.0425531914893617,0.06382978723404255,3,47,1,typical
527,https://g17.dhi-roma.it/resources/institution_681,San Severino,0.041666666666666664,0.08333333333333333,1,12,1,typical
88,https://g17.dhi-roma.it/resources/institution_116,Bobiensis,0.041666666666666664,0.08333333333333333,1,12,1,typical
157,https://g17.dhi-roma.it/resources/institution_190,Civitatis Ducalis,0.04040404040404041,0.08080808080808081,1,9,1,typical
82,https://g17.dhi-roma.it/resources/institution_115,Bituricensis,0.03847520291716607,0.04604140720468183,7,122,1,typical
240,https://g17.dhi-roma.it/resources/institution_306,Jacensis,0.038461538461538464,0.07692307692307693,1,8,1,typical
291,https://g17.dhi-roma.it/resources/institution_366,Mazariensis,0.038461538461538464,0.07692307692307693,1,8,1,typical
447,https://g17.dhi-roma.it/resources/institution_557,Terdonensis,0.0380952380952381,0.0380952380952381,1,21,1,typical
124,https://g17.dhi-roma.it/resources/institution_149,Camerinensis,0.03772378516624041,0.07544757033248083,4,46,1,typical
425,https://g17.dhi-roma.it/resources/institution_528,Segobiensis,0.03748006379585327,0.07496012759170655,3,33,1,typical
526,https://g17.dhi-roma.it/resources/institution_680,Antissiodorensis,0.03696303696303697,0.04795204795204795,2,28,1,typical
549,https://g17.dhi-roma.it/resources/institution_711,Constantiensis provincia rothomagen,0.036458333333333336,0.07291666666666667,3,36,1,typical
166,https://g17.dhi-roma.it/resources/institution_202,Comensis,0.03506787330316742,0.07013574660633484,2,26,1,typical
204,https://g17.dhi-roma.it/resources/institution_251,Eugubina,0.03409090909090909,0.06818181818181818,1,11,1,typical
390,https://g17.dhi-roma.it/resources/institution_484,Redonensis,0.03409090909090909,0.045454545454545456,2,44,1,typical
225,https://g17.dhi-roma.it/resources/institution_279,Giennensis,0.03333333333333333,0.06666666666666667,1,15,1,typical
571,https://g17.dhi-roma.it/resources/institution_92,Aversana,0.03333333333333333,0.03333333333333333,1,30,1,typical
134,https://g17.dhi-roma.it/resources/institution_160,Carnotensis,0.03269771067784313,0.06539542135568625,12,151,1,typical
470,https://g17.dhi-roma.it/resources/institution_587,Tullensis,0.032402791625124626,0.04785643070787637,3,59,1,typical
228,https://g17.dhi-roma.it/resources/institution_285,Gratianopolitana,0.03225806451612903,0.03225806451612903,1,31,1,typical
366,https://g17.dhi-roma.it/resources/institution_457,Pisana,0.03125,0.0625,1,16,1,typical
479,https://g17.dhi-roma.it/resources/institution_598,Urbinatensis,0.031111111111111107,0.062222222222222213,1,15,1,typical
189,https://g17.dhi-roma.it/resources/institution_231,Cusentina,0.03076923076923077,0.06153846153846154,1,13,1,typical
237,https://g17.dhi-roma.it/resources/institution_298,Illerdensis,0.030612244897959183,0.04081632653061224,2,49,1,typical
345,https://g17.dhi-roma.it/resources/institution_431,Oscensis,0.030303030303030307,0.030303030303030307,1,22,1,typical
129,https://g17.dhi-roma.it/resources/institution_155,Capuana,0.03007518796992481,0.06015037593984962,1,14,1,typical
268,https://g17.dhi-roma.it/resources/institution_34,Albiensis,0.03,0.04,2,50,1,typical
552,https://g17.dhi-roma.it/resources/institution_715,Fesulana,0.029411764705882353,0.058823529411764705,1,17,1,typical
101,https://g17.dhi-roma.it/resources/institution_125,Bracharensis,0.029017857142857144,0.05803571428571429,2,32,1,typical
358,https://g17.dhi-roma.it/resources/institution_445,Parisiensis,0.02887788778877888,0.037953795379537955,4,101,1,typical
203,https://g17.dhi-roma.it/resources/institution_250,Engolismensis,0.027777777777777783,0.027777777777777783,1,30,1,typical
504,https://g17.dhi-roma.it/resources/institution_635,Virdunensis,0.02777777777777778,0.05555555555555556,1,12,1,typical
522,https://g17.dhi-roma.it/resources/institution_674,taurinensis,0.027777777777777776,0.05555555555555555,1,18,1,typical
562,https://g17.dhi-roma.it/resources/institution_78,Astoricensis,0.027083333333333334,0.05416666666666667,2,30,1,typical
481,https://g17.dhi-roma.it/resources/institution_600,Urgellensis,0.02702702702702703,0.02702702702702703,1,37,1,typical
513,https://g17.dhi-roma.it/resources/institution_647,Xanctonensis,0.026802465826856074,0.03202894666309301,3,82,1,typical
246,https://g17.dhi-roma.it/resources/institution_313,Lamacensis,0.02631578947368421,0.05263157894736842,1,19,1,typical
445,https://g17.dhi-roma.it/resources/institution_555,Tarraconensis,0.02631578947368421,0.05263157894736842,1,19,1,typical
509,https://g17.dhi-roma.it/resources/institution_641,Volaterrana,0.026041666666666668,0.052083333333333336,1,12,1,typical
117,https://g17.dhi-roma.it/resources/institution_140,Caesaraugustana,0.02564102564102564,0.02564102564102564,2,78,1,typical
280,https://g17.dhi-roma.it/resources/institution_354,Maioricensis,0.025,0.05,1,20,1,typical
277,https://g17.dhi-roma.it/resources/institution_350,Lunensarzanen,0.023956043956043956,0.032527472527472526,2,50,1,typical
500,https://g17.dhi-roma.it/resources/institution_629,Vicensis,0.023809523809523808,0.023809523809523808,1,42,1,typical
463,https://g17.dhi-roma.it/resources/institution_58,Teramensis seu Apruntina,0.02366863905325444,0.04733727810650888,1,13,1,typical
206,https://g17.dhi-roma.it/resources/institution_256,Feretrana,0.02287581699346405,0.0457516339869281,1,18,1,typical
335,https://g17.dhi-roma.it/resources/institution_419,Nolana,0.022321428571428572,0.044642857142857144,1,14,1,typical
480,https://g17.dhi-roma.it/resources/institution_599,Urbis seu Romana,0.02204861111111111,0.04409722222222222,2,40,1,typical
130,https://g17.dhi-roma.it/resources/institution_156,Caputaquensis,0.021390374331550804,0.04278074866310161,1,17,1,typical
439,https://g17.dhi-roma.it/resources/institution_549,Surrentina,0.020761245674740483,0.04152249134948097,1,17,1,typical
295,https://g17.dhi-roma.it/resources/institution_370,Meldensis,0.01937984496124031,0.03875968992248062,2,43,1,typical
355,https://g17.dhi-roma.it/resources/institution_441,Pampilonensis,0.018867924528301886,0.018867924528301886,1,53,1,typical
357,https://g17.dhi-roma.it/resources/institution_443,Papiensis,0.01851851851851852,0.03703703703703704,1,18,1,typical
259,https://g17.dhi-roma.it/resources/institution_328,Leodiensis,0.0178938708350473,0.024132730015082954,2,66,1,typical
435,https://g17.dhi-roma.it/resources/institution_541,Spoletana,0.017241379310344827,0.034482758620689655,1,29,1,typical
186,https://g17.dhi-roma.it/resources/institution_223,Cremonensis,0.01666666666666667,0.03333333333333334,1,20,1,typical
224,https://g17.dhi-roma.it/resources/institution_277,Gerundensis,0.01639344262295082,0.01639344262295082,1,61,1,typical
170,https://g17.dhi-roma.it/resources/institution_206,Condomiensis,0.016129032258064516,0.03225806451612903,1,31,1,typical
430,https://g17.dhi-roma.it/resources/institution_532,Senonensis,0.013333333333333334,0.016666666666666666,2,100,1,typical
359,https://g17.dhi-roma.it/resources/institution_446,Parmensis,0.013008373205741627,0.026016746411483254,2,66,1,typical
577,https://g17.dhi-roma.it/resources/institution_99,Barchinonensis,0.012820512820512822,0.025641025641025644,2,65,1,typical
125,https://g17.dhi-roma.it/resources/institution_15,Abulensis,0.0125,0.025,1,40,1,typical
567,https://g17.dhi-roma.it/resources/institution_86,Auriensis,0.012307692307692308,0.024615384615384615,1,25,1,typical
120,https://g17.dhi-roma.it/resources/institution_143,Calaguritana,0.01183431952662722,0.02366863905325444,1,26,1,typical
497,https://g17.dhi-roma.it/resources/institution_625,Veronensis,0.011363636363636364,0.022727272727272728,1,44,1,typical
297,https://g17.dhi-roma.it/resources/institution_373,Melphitensis,0.010869565217391304,0.021739130434782608,1,46,1,typical
460,https://g17.dhi-roma.it/resources/institution_576,Trecorensis,0.008974358974358974,0.017948717948717947,1,52,1,typical
207,https://g17.dhi-roma.it/resources/institution_258,Ferrariensis,0.0,0.0,0,8,1,typical
164,https://g17.dhi-roma.it/resources/institution_200,Coloniensis,0.0,0.0,0,5,1,typical
296,https://g17.dhi-roma.it/resources/institution_372,Melphiensis,0.0,0.0,0,26,1,typical
192,https://g17.dhi-roma.it/resources/institution_234,Dertusensis,0.0,0.0,0,18,1,typical
176,https://g17.dhi-roma.it/resources/institution_212,Conversanensis,0.0,0.0,0,5,1,typical
179,https://g17.dhi-roma.it/resources/institution_215,Cordubensis,0.0,0.0,0,15,1,typical
232,https://g17.dhi-roma.it/resources/institution_292,Hieracensis,0.0,0.0,0,12,1,typical
220,https://g17.dhi-roma.it/resources/institution_272,Gadicensis,0.0,0.0,0,6,1,typical
163,https://g17.dhi-roma.it/resources/institution_199,Collensis,0.0,0.0,0,10,1,typical
231,https://g17.dhi-roma.it/resources/institution_29,Agrigentina,0.0,0.0,0,7,1,typical
230,https://g17.dhi-roma.it/resources/institution_287,Grossetana,0.0,0.0,0,5,1,typical
148,https://g17.dhi-roma.it/resources/institution_179,Celsonensis,0.0,0.0,0,13,1,typical
218,https://g17.dhi-roma.it/resources/institution_269,Fulginatensis,0.0,0.0,0,11,1,typical
152,https://g17.dhi-roma.it/resources/institution_184,Casenatensis,0.0,0.0,0,14,1,typical
199,https://g17.dhi-roma.it/resources/institution_244,Egitaniensis,0.0,0.0,0,6,1,typical
269,https://g17.dhi-roma.it/resources/institution_340,Lomberiensis,0.0,0.0,0,6,1,typical
233,https://g17.dhi-roma.it/resources/institution_294,Hipporegiensis,0.0,0.0,0,8,1,typical
294,https://g17.dhi-roma.it/resources/institution_37,Aleriensis,0.0,0.0,0,7,1,typical
270,https://g17.dhi-roma.it/resources/institution_341,Lotevensis,0.0,0.0,0,12,1,typical
123,https://g17.dhi-roma.it/resources/institution_148,Cameracensis,0.0,0.0,0,14,1,typical
122,https://g17.dhi-roma.it/resources/institution_146,Calvensis,0.0,0.0,0,6,1,typical
281,https://g17.dhi-roma.it/resources/institution_355,Mantuana,0.0,0.0,0,12,1,typical
116,https://g17.dhi-roma.it/resources/institution_14,Abrincensis,0.0,0.0,0,14,1,typical
288,https://g17.dhi-roma.it/resources/institution_363,Materanensis,0.0,0.0,0,18,1,typical
290,https://g17.dhi-roma.it/resources/institution_365,Maurianensis,0.0,0.0,0,5,1,typical
292,https://g17.dhi-roma.it/resources/institution_367,Mechliniensis-Bruxellensis,0.0,0.0,0,8,1,typical
283,https://g17.dhi-roma.it/resources/institution_357,Marsicana,0.0,0.0,0,10,1,typical
238,https://g17.dhi-roma.it/resources/institution_304,Iserniensis,0.0,0.0,0,10,1,typical
241,https://g17.dhi-roma.it/resources/institution_307,Jadrensis,0.0,0.0,0,8,1,typical
244,https://g17.dhi-roma.it/resources/institution_310,Juvenacensis,0.0,0.0,0,15,1,typical
138,https://g17.dhi-roma.it/resources/institution_166,Cassanensis,0.0,0.0,0,6,1,typical
212,https://g17.dhi-roma.it/resources/institution_263,Foroiuliensis,0.0,0.0,0,10,1,typical
310,https://g17.dhi-roma.it/resources/institution_391,Montis Albani,0.0,0.0,0,15,1,typical
371,https://g17.dhi-roma.it/resources/institution_461,Placentina provinciae Compostellanae,0.0,0.0,0,27,1,typical
299,https://g17.dhi-roma.it/resources/institution_376,Metensis,0.0,0.0,0,5,1,typical
312,https://g17.dhi-roma.it/resources/institution_393,Montis Falisci/Montis Flaconensis,0.0,0.0,0,12,1,typical
253,https://g17.dhi-roma.it/resources/institution_320,Lauretana,0.0,0.0,0,13,1,typical
307,https://g17.dhi-roma.it/resources/institution_387,Moguntina,0.0,0.0,0,6,1,typical
105,https://g17.dhi-roma.it/resources/institution_129,Brixiensis,0.0,0.0,0,16,1,typical
304,https://g17.dhi-roma.it/resources/institution_383,Mindoniensis,0.0,0.0,0,9,1,typical
111,https://g17.dhi-roma.it/resources/institution_135,Burgi S. Donnini,0.0,0.0,0,13,1,typical
97,https://g17.dhi-roma.it/resources/institution_119,Boloniensis,0.0,0.0,0,12,1,typical
85,https://g17.dhi-roma.it/resources/institution_1154,sancti pontii thomeriarum,0.0,0.0,0,5,1,typical
342,https://g17.dhi-roma.it/resources/institution_427,Oloronensis,0.0,0.0,0,6,1,typical
338,https://g17.dhi-roma.it/resources/institution_421,Novariensis,0.0,0.0,0,28,1,typical
336,https://g17.dhi-roma.it/resources/institution_42,Alifana,0.0,0.0,0,17,1,typical
329,https://g17.dhi-roma.it/resources/institution_412,Neocastrensis,0.0,0.0,0,9,1,typical
326,https://g17.dhi-roma.it/resources/institution_41,Algarensis,0.0,0.0,0,6,1,typical
325,https://g17.dhi-roma.it/resources/institution_409,Neapolitana,0.0,0.0,0,11,1,typical
102,https://g17.dhi-roma.it/resources/institution_126,Brindusina,0.0,0.0,0,16,1,typical
298,https://g17.dhi-roma.it/resources/institution_375,Messanensis,0.0,0.0,0,65,1,typical
380,https://g17.dhi-roma.it/resources/institution_471,Potentina,0.0,0.0,0,6,1,typical
385,https://g17.dhi-roma.it/resources/institution_48,Anagnina,0.0,0.0,0,9,1,typical
387,https://g17.dhi-roma.it/resources/institution_481,Ravennatensis,0.0,0.0,0,8,1,typical
388,https://g17.dhi-roma.it/resources/institution_482,Reatina,0.0,0.0,0,33,1,typical
395,https://g17.dhi-roma.it/resources/institution_490,Ripana,0.0,0.0,0,7,1,typical
375,https://g17.dhi-roma.it/resources/institution_465,Polignanensis,0.0,0.0,0,9,1,typical
348,https://g17.dhi-roma.it/resources/institution_434,Ostunensis,0.0,0.0,0,5,1,typical
349,https://g17.dhi-roma.it/resources/institution_435,Ovetensis,0.0,0.0,0,30,1,typical
350,https://g17.dhi-roma.it/resources/institution_436,Oxonensis,0.0,0.0,0,31,1,typical
351,https://g17.dhi-roma.it/resources/institution_437,Pacensis,0.0,0.0,0,7,1,typical
353,https://g17.dhi-roma.it/resources/institution_44,Amalphitana,0.0,0.0,0,8,1,typical
354,https://g17.dhi-roma.it/resources/institution_440,Palentina,0.0,0.0,0,13,1,typical
91,https://g17.dhi-roma.it/resources/institution_117,Boianensis,0.0,0.0,0,20,1,typical
362,https://g17.dhi-roma.it/resources/institution_451,Perusina,0.0,0.0,0,15,1,typical
368,https://g17.dhi-roma.it/resources/institution_459,Pistoriensis,0.0,0.0,0,13,1,typical
136,https://g17.dhi-roma.it/resources/institution_162,Carthaginensis,0.0,0.0,0,13,1,typical
490,https://g17.dhi-roma.it/resources/institution_615,Vaurensis,0.0,0.0,0,14,1,typical
135,https://g17.dhi-roma.it/resources/institution_161,Carpentoractensis,0.0,0.0,0,6,1,typical
441,https://g17.dhi-roma.it/resources/institution_550,Sutrina,0.0,0.0,0,5,1,typical
405,https://g17.dhi-roma.it/resources/institution_500,Sabinensis,0.0,0.0,0,6,1,typical
73,https://g17.dhi-roma.it/resources/institution_114,Bituntina,0.0,0.0,0,29,1,typical
444,https://g17.dhi-roma.it/resources/institution_553,Tarentina,0.0,0.0,0,10,1,typical
434,https://g17.dhi-roma.it/resources/institution_540,Spirensis,0.0,0.0,0,10,1,typical
53,https://g17.dhi-roma.it/resources/institution_1102,Nullius seu Andegavensis,0.0,0.0,0,19,1,typical
442,https://g17.dhi-roma.it/resources/institution_551,Taranthasiensis,0.0,0.0,0,8,1,typical
57,https://g17.dhi-roma.it/resources/institution_1107,tricastrinensis,0.0,0.0,0,7,1,typical
256,https://g17.dhi-roma.it/resources/institution_325,Leighliniensis,0.0,0.0,0,5,1,typical
59,https://g17.dhi-roma.it/resources/institution_1109,montis pessulani,0.0,0.0,0,5,1,typical
428,https://g17.dhi-roma.it/resources/institution_530,Senensis,0.0,0.0,0,27,1,typical
426,https://g17.dhi-roma.it/resources/institution_529,Seguntin,0.0,0.0,0,56,1,typical
495,https://g17.dhi-roma.it/resources/institution_623,Venusina,0.0,0.0,0,5,1,typical
23,https://g17.dhi-roma.it/resources/institution_1070,faventina et spoletana,0.0,0.0,0,8,1,typical
18,https://g17.dhi-roma.it/resources/institution_1065,aurelianensis seu bituricensis,0.0,0.0,0,12,1,typical
411,https://g17.dhi-roma.it/resources/institution_509,Sancta Agathae Gothorum,0.0,0.0,0,10,1,typical
415,https://g17.dhi-roma.it/resources/institution_515,Sancti Marci,0.0,0.0,0,5,1,typical
446,https://g17.dhi-roma.it/resources/institution_556,Tarvisina,0.0,0.0,0,14,1,typical
177,https://g17.dhi-roma.it/resources/institution_213,Corcagiensis,0.0,0.0,0,8,1,typical
452,https://g17.dhi-roma.it/resources/institution_563,Thelesina/Theolesiensis,0.0,0.0,0,5,1,typical
461,https://g17.dhi-roma.it/resources/institution_577,Treverensis,0.0,0.0,0,5,1,typical
462,https://g17.dhi-roma.it/resources/institution_578,Tricaricensis,0.0,0.0,0,11,1,typical
453,https://g17.dhi-roma.it/resources/institution_564,Tholonensis,0.0,0.0,0,14,1,typical
50,https://g17.dhi-roma.it/resources/institution_110,Bisignanensis,0.0,0.0,0,7,1,typical
466,https://g17.dhi-roma.it/resources/institution_583,Troiana,0.0,0.0,0,6,1,typical
467,https://g17.dhi-roma.it/resources/institution_584,Tropiensis,0.0,0.0,0,8,1,typical
451,https://g17.dhi-roma.it/resources/institution_562,Theatina,0.0,0.0,0,5,1,typical
468,https://g17.dhi-roma.it/resources/institution_585,Tuamensis in Hybernia,0.0,0.0,0,6,1,typical
469,https://g17.dhi-roma.it/resources/institution_586,Tudensis,0.0,0.0,0,9,1,typical
448,https://g17.dhi-roma.it/resources/institution_559,Terracinensis,0.0,0.0,0,10,1,typical
450,https://g17.dhi-roma.it/resources/institution_561,Theanensis,0.0,0.0,0,16,1,typical
449,https://g17.dhi-roma.it/resources/institution_560,Terulensis,0.0,0.0,0,18,1,typical
545,https://g17.dhi-roma.it/resources/institution_706,Calliensis,0.0,0.0,0,10,1,typical
20,https://g17.dhi-roma.it/resources/institution_1068,ebredunensis,0.0,0.0,0,7,1,typical
22,https://g17.dhi-roma.it/resources/institution_107,Beneventana,0.0,0.0,0,44,1,typical
44,https://g17.dhi-roma.it/resources/institution_1094,malleacensis,0.0,0.0,0,5,1,typical
133,https://g17.dhi-roma.it/resources/institution_16,Acernensis,0.0,0.0,0,7,1,typical
260,https://g17.dhi-roma.it/resources/institution_329,Leonensis,0.0,0.0,0,15,1,typical
37,https://g17.dhi-roma.it/resources/institution_1086,andegavensis seu cenomanensis aut pictavensis,0.0,0.0,0,6,1,typical
505,https://g17.dhi-roma.it/resources/institution_636,Visensis,0.0,0.0,0,8,1,typical
506,https://g17.dhi-roma.it/resources/institution_637,Viterbiensis,0.0,0.0,0,12,1,typical
508,https://g17.dhi-roma.it/resources/institution_64,Aquilegiensis,0.0,0.0,0,12,1,typical
34,https://g17.dhi-roma.it/resources/institution_1082,urbis - pergamensis et aliorum,0.0,0.0,0,17,1,typical
516,https://g17.dhi-roma.it/resources/institution_651,Zamorensis,0.0,0.0,0,20,1,typical
32,https://g17.dhi-roma.it/resources/institution_1080,spoletana - firmana et urbevetana,0.0,0.0,0,8,1,typical
31,https://g17.dhi-roma.it/resources/institution_108,Bergomensis,0.0,0.0,0,16,1,typical
524,https://g17.dhi-roma.it/resources/institution_679,Alexandrina diocesis provinciae Mediolanensis,0.0,0.0,0,6,1,typical
502,https://g17.dhi-roma.it/resources/institution_630,Vicentina,0.0,0.0,0,18,1,typical
46,https://g17.dhi-roma.it/resources/institution_1096,nullius dioc prov. ispalensis,0.0,0.0,0,5,1,typical
478,https://g17.dhi-roma.it/resources/institution_597,Urbevetana,0.0,0.0,0,11,1,typical
484,https://g17.dhi-roma.it/resources/institution_606,Valentina in Delphinatu,0.0,0.0,0,11,1,typical
541,https://g17.dhi-roma.it/resources/institution_702,Triventinus,0.0,0.0,0,13,1,typical
43,https://g17.dhi-roma.it/resources/institution_1093,condomiensis seu agennensis,0.0,0.0,0,8,1,typical
486,https://g17.dhi-roma.it/resources/institution_609,Valvensis,0.0,0.0,0,15,1,typical
42,https://g17.dhi-roma.it/resources/institution_1092,collensis et aliarum,0.0,0.0,0,21,1,typical
496,https://g17.dhi-roma.it/resources/institution_624,Verulana,0.0,0.0,0,7,1,typical
555,https://g17.dhi-roma.it/resources/institution_72,Ariminensis,0.0,0.0,0,9,1,typical
558,https://g17.dhi-roma.it/resources/institution_723,Melevitana,0.0,0.0,0,10,1,typical
561,https://g17.dhi-roma.it/resources/institution_77,Astensis,0.0,0.0,0,7,1,typical
563,https://g17.dhi-roma.it/resources/institution_79,Atrebatensis,0.0,0.0,0,9,1,typical
13,https://g17.dhi-roma.it/resources/institution_1060,cumana,0.0,0.0,0,6,1,typical
576,https://g17.dhi-roma.it/resources/institution_98,Barbastrensis,0.0,0.0,0,6,1,typical
11,https://g17.dhi-roma.it/resources/institution_1058,Constantiensis,0.0,0.0,0,6,1,typical
534,https://g17.dhi-roma.it/resources/institution_693,pergamen,0.0,0.0,0,13,1,typical
537,https://g17.dhi-roma.it/resources/institution_698,Oristano,0.0,0.0,0,21,1,typical
15,https://g17.dhi-roma.it/resources/institution_1062,aquensis diocesis prov auxitana,0.0,0.0,0,20,1,typical
578,https://g17.dhi-roma.it/resources/institution_999,Suessana,0.0,0.0,0,15,1,typical
