,diocese_11,diocese_11_label,event_lead_speed,time_delta,distance,distance_sum,time_delta_sum,event_count,distance_log,distance_sum_log,diocese_lead_speed
45,https://g17.dhi-roma.it/resources/institution_155,Capuana,0.4658491668964652,11.0,168.54997956809842,3033.8996322257717,913.0,18,5.127228984543382,92.29012172178086,0.4658491668964652
374,https://g17.dhi-roma.it/resources/institution_681,San Severino,0.46025756442633453,11.0,158.33479661564004,950.0087796938402,539.0,6,5.06470823202945,30.388249392176704,0.46025756442633453
377,https://g17.dhi-roma.it/resources/institution_687,Tudertin,0.41777662168808916,11.0,99.00066691974209,990.0066691974208,844.0,10,4.595125804917982,45.95125804917983,0.41777662168808916
274,https://g17.dhi-roma.it/resources/institution_500,Sabinensis,0.3789831543084348,11.0,64.33787402621479,450.36511818350357,411.0,7,4.1641210047929125,29.14884703355039,0.3789831543084348
106,https://g17.dhi-roma.it/resources/institution_251,Eugubina,0.23116422847661264,22.0,161.72903448574095,1779.0193793431504,313.0,11,5.085921830956495,55.945140140521445,0.23116422847661264
42,https://g17.dhi-roma.it/resources/institution_151,Campaniensis,0.21365936690391923,26.0,253.71085762249626,1268.5542881124813,168.0,5,5.535627194861085,27.678135974305427,0.21365936690391923
293,https://g17.dhi-roma.it/resources/institution_530,Senensis,0.19326966135727075,27.0,184.54110945143526,2399.0344228686586,1102.0,13,5.217872066149488,67.83233685994335,0.19326966135727075
416,https://g17.dhi-roma.it/resources/institution_999,Suessana,0.17685549626043542,28.0,141.30555438070337,1695.6666525684404,1051.4,12,4.950921939381675,59.4110632725801,0.17685549626043542
287,https://g17.dhi-roma.it/resources/institution_523,Sarsinatensis,0.17473492522336606,31.0,226.0510048442231,1130.2550242211155,207.0,5,5.420758470747285,27.103792353736424,0.17473492522336606
325,https://g17.dhi-roma.it/resources/institution_583,Troiana,0.17077769055175487,32.5,237.87168790756735,1427.2301274454042,188.0,6,5.471215918153142,32.82729550891885,0.17077769055175487
7,https://g17.dhi-roma.it/resources/institution_108,Bergomensis,0.16681311598171594,37.0,481.62608363144204,7224.39125447163,1478.0,15,6.17708769537201,92.65631543058015,0.16681311598171594
44,https://g17.dhi-roma.it/resources/institution_153,Camplensis,0.1619766021972051,32.5,135.01914949646886,1080.1531959717508,2150.8,8,4.905405157974789,39.24324126379831,0.1619766021972051
120,https://g17.dhi-roma.it/resources/institution_269,Fulginatensis,0.15788328289763376,30.5,121.6715129936625,973.3721039493,725.0,8,4.800794560025312,38.4063564802025,0.15788328289763376
336,https://g17.dhi-roma.it/resources/institution_598,Urbinatensis,0.15640474883753164,34.0,204.99027661800653,3279.8444258881045,1236.0,16,5.322822881659493,85.1651661065519,0.15640474883753164
113,https://g17.dhi-roma.it/resources/institution_261,Firmana,0.15542076260971288,33.5,172.8459014795374,6222.452453263346,1979.4,36,5.152394151608567,185.4861894579084,0.15542076260971288
280,https://g17.dhi-roma.it/resources/institution_509,Sancta Agathae Gothorum,0.15439321420356272,34.0,186.08214460837337,2046.9035906921072,2819.0,11,5.225176407317066,57.47694048048773,0.15439321420356272
83,https://g17.dhi-roma.it/resources/institution_212,Conversanensis,0.14610516119757228,41.0,399.5390905480612,1997.695452740306,332.0,5,5.990311609100464,29.951558045502317,0.14610516119757228
335,https://g17.dhi-roma.it/resources/institution_597,Urbevetana,0.14288777074248296,32.0,96.7590742734362,677.3135199140534,2929.0,7,4.5722241056783774,32.00556873974864,0.14288777074248296
350,https://g17.dhi-roma.it/resources/institution_625,Veronensis,0.140014390353455,43.0,412.1085054098081,19369.09975426098,3059.2,47,6.021271795857763,282.9997744053149,0.140014390353455
146,https://g17.dhi-roma.it/resources/institution_310,Juvenacensis,0.13992539873127566,42.0,357.42252414896456,4646.492813936539,2910.0,13,5.87891730931573,76.42592502110449,0.13992539873127566
242,https://g17.dhi-roma.it/resources/institution_457,Pisana,0.13606140527365523,41.0,266.4463893306723,3463.8030612987395,1253.0,13,5.584980350873879,72.60474456136043,0.13606140527365523
405,https://g17.dhi-roma.it/resources/institution_77,Astensis,0.13528622269192372,46.0,481.40302458731026,3851.224196698482,519.0,8,6.176704631533273,49.41363705226618,0.13528622269192372
227,https://g17.dhi-roma.it/resources/institution_434,Ostunensis,0.13447017644230108,45.0,442.44519708861105,3097.1163796202773,3490.4,7,6.092177589068185,42.64524312347729,0.13447017644230108
2,https://g17.dhi-roma.it/resources/institution_1018,Casalensis,0.1316084320059745,47.0,485.66519738377923,6313.64756598913,3682.0,13,6.185519456808521,80.41175293851077,0.1316084320059745
40,https://g17.dhi-roma.it/resources/institution_149,Camerinensis,0.12760845864723708,39.0,145.48811354502962,4219.155292805859,4871.2,29,4.980064008678581,144.42185625167886,0.12760845864723708
134,https://g17.dhi-roma.it/resources/institution_292,Hieracensis,0.12736321868649902,49.0,502.4099822403583,6531.329769124658,891.0,13,6.219219438924328,80.84985270601626,0.12736321868649902
251,https://g17.dhi-roma.it/resources/institution_465,Polignanensis,0.12524390238210245,48.0,407.9186090516618,3671.2674814649563,761.0,9,6.011066949651212,54.09960254686091,0.12524390238210245
398,https://g17.dhi-roma.it/resources/institution_72,Ariminensis,0.12458295028736685,44.0,240.33864111823067,2643.7250523005373,1409.0,11,5.482048575526535,60.30253433079188,0.12458295028736685
311,https://g17.dhi-roma.it/resources/institution_562,Theatina,0.1188037816032566,42.0,146.9009907199961,2056.613870079945,587.0,14,4.989758827336777,69.85662358271487,0.1188037816032566
138,https://g17.dhi-roma.it/resources/institution_297,Hydruntina,0.11833439039494437,53.0,534.746585600789,11764.424883217358,4844.0,22,6.281634919454823,138.1959682280061,0.11833439039494437
215,https://g17.dhi-roma.it/resources/institution_414,Neritonensis,0.11740366973408219,53.0,503.42679557396315,5537.694751313595,3583.0,11,6.2214377613045,68.4358153743495,0.11740366973408219
263,https://g17.dhi-roma.it/resources/institution_482,Reatina,0.11718992448592455,35.5,63.92871805875464,1917.8615417626393,3187.0,30,4.157740316228234,124.73220948684703,0.11718992448592455
81,https://g17.dhi-roma.it/resources/institution_208,Consanensis,0.1171393147592311,53.0,482.1676087858384,5303.843696644222,2863.0,11,6.178118866713411,67.95930753384752,0.1171393147592311
163,https://g17.dhi-roma.it/resources/institution_344,Lucana,0.11505785365498628,49.0,271.41373632550113,10313.721980369044,4830.0,38,5.603516576268791,212.93362989821404,0.11505785365498628
0,https://g17.dhi-roma.it/resources/institution_100,Barensis,0.1139565385321011,52.0,374.5466720130076,10112.760144351205,2138.0,27,5.925660463515964,159.99283251493102,0.1139565385321011
381,https://g17.dhi-roma.it/resources/institution_693,pergamen,0.11357294414324422,63.0,1280.2568136032455,24324.879458461666,1399.0,19,7.154809686228656,135.94138403834447,0.11357294414324422
186,https://g17.dhi-roma.it/resources/institution_373,Melphitensis,0.11269724643534144,52.0,349.20064908975917,10476.019472692775,1519.0,30,5.8554959348172115,175.66487804451634,0.11269724643534144
167,https://g17.dhi-roma.it/resources/institution_35,Albinganensis,0.11197247463068119,54.0,427.89975436117487,5562.696806695273,1779.0,13,6.058676000340795,78.76278800443033,0.11197247463068119
135,https://g17.dhi-roma.it/resources/institution_294,Hipporegiensis,0.11155352993412784,56.5,543.7272089497931,4349.8176715983445,1363.0,8,6.298447620186115,50.38758096148892,0.11155352993412784
299,https://g17.dhi-roma.it/resources/institution_541,Spoletana,0.11102875890831738,41.0,96.02328117127365,2688.6518727956623,3200.0,28,4.564201483504817,127.79764153813488,0.11102875890831738
142,https://g17.dhi-roma.it/resources/institution_306,Jacensis,0.10911562251024344,64.0,1080.1531114168351,9721.378002751517,1448.0,9,6.984841674967123,62.86357507470411,0.10911562251024344
362,https://g17.dhi-roma.it/resources/institution_643,Vulturariensis,0.10896922632215164,50.0,232.21526864046464,1161.0763432023232,311.0,5,5.447663551680023,27.238317758400115,0.10896922632215164
185,https://g17.dhi-roma.it/resources/institution_372,Melphiensis,0.10850863315817114,52.0,282.2957520652289,4234.436280978433,851.0,15,5.642954456207329,84.64431684310993,0.10850863315817114
29,https://g17.dhi-roma.it/resources/institution_135,Burgi S. Donnini,0.10823668522806137,55.5,383.5756854441036,4602.908225329244,708.0,12,5.949533711869851,71.39440454243821,0.10823668522806137
115,https://g17.dhi-roma.it/resources/institution_264,Foroliviensis,0.10703049049380617,52.0,262.3943566924214,2886.3379236166356,607.0,11,5.569739892887991,61.2671388217679,0.10703049049380617
170,https://g17.dhi-roma.it/resources/institution_352,Macleviensis,0.10610472883595012,68.0,1359.5499014757952,6797.749507378976,565.0,5,7.214908935249232,36.07454467624616,0.10610472883595012
372,https://g17.dhi-roma.it/resources/institution_679,Alexandrina diocesis provinciae Mediolanensis,0.10387116126886309,59.0,458.9906417298312,3212.9344921088186,1047.0,7,6.129029672087605,42.90320770461324,0.10387116126886309
403,https://g17.dhi-roma.it/resources/institution_74,Asculana,0.1030199756826729,48.0,138.96043895115918,5141.536241192889,5427.4,37,4.934167863182696,182.56421093775975,0.1030199756826729
108,https://g17.dhi-roma.it/resources/institution_256,Feretrana,0.10262722030126283,52.0,208.00359275110708,3952.0682622710347,1094.0,19,5.337554862107881,101.41354238004973,0.10262722030126283
107,https://g17.dhi-roma.it/resources/institution_254,Faventina,0.1017885304088393,55.0,270.8738731932487,10022.333308150202,4402.0,37,5.601583928225953,207.25860534436026,0.1017885304088393
413,https://g17.dhi-roma.it/resources/institution_96,Balneoregien,0.10131391426253447,46.0,91.6023488605634,458.01174430281696,418.0,5,4.514705203557076,22.573526017785383,0.10131391426253447
238,https://g17.dhi-roma.it/resources/institution_446,Parmensis,0.10097569457323412,58.5,368.17078962781613,27244.638432458392,8933.0,74,5.908483457320868,437.22777584174423,0.10097569457323412
46,https://g17.dhi-roma.it/resources/institution_156,Caputaquensis,0.10033540123632323,56.0,272.8987549397005,4093.4813240955077,2379.0,15,5.609096652535523,84.13644978803283,0.10033540123632323
378,https://g17.dhi-roma.it/resources/institution_69,Aretina,0.10000409718742279,52.0,182.03164527145262,6735.1708750437465,5010.0,37,5.203991486168528,192.54768498823555,0.10000409718742279
16,https://g17.dhi-roma.it/resources/institution_120,Bononiensis,0.09686274504554039,59.0,303.3980008091655,5764.562015374145,2427.0,19,5.715045470112613,108.58586393213965,0.09686274504554039
57,https://g17.dhi-roma.it/resources/institution_174,Cathacensis,0.09656768873801808,64.0,481.19110735253287,3368.33775146773,660.0,7,6.1762610345090305,43.23382724156321,0.09656768873801808
13,https://g17.dhi-roma.it/resources/institution_116,Bobiensis,0.09521422795066917,64.5,410.11824978403564,4921.4189974084275,716.0,12,6.016290555369708,72.1954866644365,0.09521422795066917
304,https://g17.dhi-roma.it/resources/institution_553,Tarentina,0.09472521677886929,64.0,429.02348599247375,4719.258345917211,877.0,11,6.061510950131554,66.67662045144709,0.09472521677886929
332,https://g17.dhi-roma.it/resources/institution_592,Ugentina,0.09347813053889142,67.0,525.0137975439844,2625.068987719922,732.0,5,6.26342423975366,31.3171211987683,0.09347813053889142
17,https://g17.dhi-roma.it/resources/institution_123,Bovensis,0.09343103018712452,67.0,523.0535235574097,3661.374664901868,499.0,7,6.259683750667284,43.817786254670985,0.09343103018712452
411,https://g17.dhi-roma.it/resources/institution_91,Avellinensis,0.09152175900812953,59.0,221.35854921152935,1106.7927460576468,581.0,5,5.399783781479642,26.99891890739821,0.09152175900812953
346,https://g17.dhi-roma.it/resources/institution_620,Venetensis,0.09149259836174552,89.0,1364.7631951366807,13647.631951366806,2598.0,10,7.218724449865649,72.18724449865648,0.09149259836174552
302,https://g17.dhi-roma.it/resources/institution_550,Sutrina,0.09084683831285692,42.0,45.36950774032131,317.5865541822492,1216.0,7,3.8148386532749803,26.703870572924863,0.09084683831285692
357,https://g17.dhi-roma.it/resources/institution_635,Virdunensis,0.09060936797303616,76.0,978.4301012469049,8805.870911222144,2777.0,9,6.885948858833986,61.97353972950587,0.09060936797303616
388,https://g17.dhi-roma.it/resources/institution_703,Sancti Angeli de Lombardis,0.08897005686973922,62.0,249.09892044249978,1743.6924430974984,413.0,7,5.517848150897044,38.62493705627931,0.08897005686973922
65,https://g17.dhi-roma.it/resources/institution_187,Civitatensis Provinciae Compostellani,0.0888605799605798,83.0,1596.8676177869427,17565.54379565637,1345.0,11,7.375799167868592,81.1337908465545,0.0888605799605798
172,https://g17.dhi-roma.it/resources/institution_355,Mantuana,0.08781291161731289,68.0,387.4725551762155,4649.670662114586,1107.0,12,5.959645020853742,71.5157402502449,0.08781291161731289
156,https://g17.dhi-roma.it/resources/institution_328,Leodiensis,0.08762540939101172,80.0,1108.9847170461933,56558.22056935586,11665.8,51,7.0111909091098665,357.5707363646032,0.08762540939101172
133,https://g17.dhi-roma.it/resources/institution_29,Agrigentina,0.08679317483149812,72.0,517.5032027285439,2587.5160136427194,475.0,5,6.24901569671187,31.24507848355935,0.08679317483149812
266,https://g17.dhi-roma.it/resources/institution_486,Regiensis,0.08657888547261489,67.5,346.9228236328199,4856.919530859479,2232.8,14,5.849011082561584,81.88615515586218,0.08657888547261489
297,https://g17.dhi-roma.it/resources/institution_538,Sorana,0.08593340550351036,53.0,95.4523803118143,859.0714228063287,1522.0,9,4.558610325845349,41.02749293260814,0.08593340550351036
203,https://g17.dhi-roma.it/resources/institution_401,Mutinensis,0.08532098310650077,68.0,333.3607697981481,7000.57616576111,3315.0,21,5.809068684015183,121.99044236431884,0.08532098310650077
277,https://g17.dhi-roma.it/resources/institution_503,Salamantina,0.08419342049650588,87.0,1518.5603481711025,39482.56905244866,2426.4,26,7.325514994377745,190.46338985382135,0.08419342049650588
246,https://g17.dhi-roma.it/resources/institution_460,Placentina provinciae Bononiensis,0.08378405809322889,72.0,417.9592359464078,27167.350336516505,13135.4,65,6.035325217990536,392.29613916938484,0.08378405809322889
298,https://g17.dhi-roma.it/resources/institution_540,Spirensis,0.08375910062650355,81.0,884.3395318877111,10612.074382652534,3144.0,12,6.784827741211767,81.4179328945412,0.08375910062650355
301,https://g17.dhi-roma.it/resources/institution_549,Surrentina,0.08368039009264999,64.0,211.72817556216972,2752.4662823082062,994.0,13,5.355302909983012,69.61893782977916,0.08368039009264999
148,https://g17.dhi-roma.it/resources/institution_313,Lamacensis,0.0835383058640862,89.0,1693.961894516026,15245.657050644233,808.0,9,7.434825352445647,66.91342817201082,0.0835383058640862
184,https://g17.dhi-roma.it/resources/institution_37,Aleriensis,0.08132620718106252,72.5,247.54676284142866,1980.3741027314293,625.0,8,5.51158729599794,44.09269836798352,0.08132620718106252
23,https://g17.dhi-roma.it/resources/institution_129,Brixiensis,0.08071778212372914,76.0,448.2044550494503,5826.657915642854,1296.0,13,6.105118664109691,79.36654263342598,0.08071778212372914
39,https://g17.dhi-roma.it/resources/institution_148,Cameracensis,0.08051954159833347,88.5,1164.6326047685382,16304.856466759533,2710.0,14,7.060160946812649,98.84225325537709,0.08051954159833347
300,https://g17.dhi-roma.it/resources/institution_542,Squillacensis,0.0803518114065867,77.0,486.16031726438734,4375.442855379486,2045.0,9,6.186538250520613,55.678844254685515,0.0803518114065867
143,https://g17.dhi-roma.it/resources/institution_307,Jadrensis,0.0799421483655613,73.0,332.81908552475056,2662.5526841980045,863.0,8,5.807597760651829,46.46078208521463,0.0799421483655613
234,https://g17.dhi-roma.it/resources/institution_441,Pampilonensis,0.07979956236069413,88.5,1172.6005578447264,51594.42454516796,9825.0,44,7.066953803078735,310.94596733546433,0.07979956236069413
9,https://g17.dhi-roma.it/resources/institution_111,Bisuntina,0.0792228683283382,84.5,786.2776144080128,7862.776144080128,1151.0,10,6.667278207159458,66.67278207159458,0.0792228683283382
360,https://g17.dhi-roma.it/resources/institution_64,Aquilegiensis,0.07895840922552062,77.0,436.5943310240409,6112.320634336573,3266.0,14,6.079004144947197,85.10605802926075,0.07895840922552062
367,https://g17.dhi-roma.it/resources/institution_651,Zamorensis,0.07850746871315259,93.5,1534.4055215153476,24550.48834424556,1779.0,16,7.335893573873095,117.37429718196952,0.07850746871315259
51,https://g17.dhi-roma.it/resources/institution_164,Casertana,0.07830024711165964,67.0,179.19874813156844,1433.5899850525475,1668.0,8,5.1884926520100425,41.50794121608034,0.07830024711165964
159,https://g17.dhi-roma.it/resources/institution_333,Liciensis,0.07783304517912265,80.0,501.99797177865224,6525.973633122479,3369.0,13,6.218439340011058,80.83971142014374,0.07783304517912265
126,https://g17.dhi-roma.it/resources/institution_277,Gerundensis,0.07776480765309532,86.0,802.9334726517219,50584.80877705848,8417.8,63,6.688254542353265,421.3600361682557,0.07776480765309532
89,https://g17.dhi-roma.it/resources/institution_218,Cortonensis,0.07704412019462457,67.0,166.65572417813019,999.9343450687811,670.0,6,5.114819600430396,30.688917602582375,0.07704412019462457
217,https://g17.dhi-roma.it/resources/institution_419,Nolana,0.07580725205283587,70.0,201.48725147026383,3223.7960235242213,4332.0,16,5.305723841167221,84.89158145867553,0.07580725205283587
319,https://g17.dhi-roma.it/resources/institution_576,Trecorensis,0.0757993297868338,96.0,1446.5576830462064,7232.788415231033,972.0,5,7.276941969364806,36.38470984682403,0.0757993297868338
181,https://g17.dhi-roma.it/resources/institution_367,Mechliniensis-Bruxellensis,0.07571627147734777,94.0,1187.78730140547,9502.29841124376,793.0,8,7.079834684115822,56.638677472926574,0.07571627147734777
395,https://g17.dhi-roma.it/resources/institution_715,Fesulana,0.07564660392724307,74.0,232.9159959275336,2794.9919511304033,1741.0,12,5.450677839187016,65.40813407024419,0.07564660392724307
240,https://g17.dhi-roma.it/resources/institution_451,Perusina,0.07549116307465378,65.0,136.24050183057054,2043.607527458558,1460.0,15,4.914152893092792,73.71229339639189,0.07549116307465378
202,https://g17.dhi-roma.it/resources/institution_400,Muranensis,0.07519945355565134,75.0,281.3438528478241,2532.094675630417,636.0,9,5.639577013682888,50.75619312314599,0.07519945355565134
322,https://g17.dhi-roma.it/resources/institution_58,Teramensis seu Apruntina,0.07494704405782071,65.0,130.04728883056788,1430.5201771362467,2016.0,11,4.867775397124709,53.5455293683718,0.07494704405782071
397,https://g17.dhi-roma.it/resources/institution_719,Imolensis,0.07483640309251116,76.0,283.69459763661865,3688.0297692760428,2005.0,13,5.647657118415991,73.41954253940789,0.07483640309251116
198,https://g17.dhi-roma.it/resources/institution_393,Montis Falisci/Montis Flaconensis,0.07431835656047653,59.0,81.71970747649343,1062.3561971944146,2277.0,13,4.4016407781232125,57.221330115601766,0.07431835656047653
64,https://g17.dhi-roma.it/resources/institution_184,Casenatensis,0.07379331745057043,75.0,249.41757455364547,3990.6811928583274,1339.0,16,5.5191277891840125,88.3060446269442,0.07379331745057043
415,https://g17.dhi-roma.it/resources/institution_99,Barchinonensis,0.07352336644455797,92.0,861.8387010898784,49986.64466321295,8472.0,58,6.759053079830228,392.02507863015325,0.07352336644455797
76,https://g17.dhi-roma.it/resources/institution_202,Comensis,0.07338257963672157,85.0,513.6856580704018,11814.770135619243,5000.0,23,6.241611114993512,143.55705564485078,0.07338257963672157
391,https://g17.dhi-roma.it/resources/institution_706,Calliensis,0.072446684117876,72.0,183.96656420056644,1655.6990778050979,1112.0,9,5.2147527850715045,46.93277506564354,0.072446684117876
338,https://g17.dhi-roma.it/resources/institution_600,Urgellensis,0.07214912776884519,95.0,948.6956850927156,37947.82740370862,6420.0,40,6.855078619629765,274.2031447851906,0.07214912776884519
180,https://g17.dhi-roma.it/resources/institution_366,Mazariensis,0.07206343057546469,87.5,471.1263651050016,3769.0109208400127,1319.0,8,6.155126255964199,49.241010047713594,0.07206343057546469
269,https://g17.dhi-roma.it/resources/institution_490,Ripana,0.07153983077025344,71.0,161.3998278515629,806.9991392578145,606.0,5,5.083877792492743,25.419388962463714,0.07153983077025344
247,https://g17.dhi-roma.it/resources/institution_461,Placentina provinciae Compostellanae,0.07078331578456784,104.0,1574.7056856263534,45666.46488316425,4096.0,29,7.361823455494963,213.49288020935393,0.07078331578456784
371,https://g17.dhi-roma.it/resources/institution_677,Alatrina,0.07050899549743929,61.0,73.44924415249402,514.1447090674582,1721.0,7,4.2965695898878185,30.075987129214727,0.07050899549743929
168,https://g17.dhi-roma.it/resources/institution_350,Lunensarzanen,0.069922781062516,83.0,322.5240117528577,16771.2486111486,7690.0,52,5.776076814115925,300.3559943340281,0.069922781062516
197,https://g17.dhi-roma.it/resources/institution_392,Montis Alti/Montisalti,0.06877934423439268,73.0,152.1460190602131,1369.3141715419179,1406.0,9,5.0248302145122095,45.22347193060988,0.06877934423439268
239,https://g17.dhi-roma.it/resources/institution_450,Pennensis,0.0679897650169388,72.0,132.2821529533327,4894.43965927331,5828.0,37,4.884860427906895,180.7398358325551,0.0679897650169388
26,https://g17.dhi-roma.it/resources/institution_132,Brugnatensis,0.06792400184461138,86.0,344.00381929092987,1720.0190964546493,497.0,5,5.84065254030712,29.2032627015356,0.06792400184461138
14,https://g17.dhi-roma.it/resources/institution_117,Boianensis,0.06767778722170022,76.0,171.0155414172089,3249.2952869269693,2460.0,19,5.141750097271827,97.69325184816472,0.06767778722170022
144,https://g17.dhi-roma.it/resources/institution_308,Januensis,0.06729622541808007,89.0,402.57517992916655,9661.804318299997,2773.0,24,5.997828485250937,143.9478836460225,0.06729622541808007
60,https://g17.dhi-roma.it/resources/institution_179,Celsonensis,0.06699522250459874,102.0,910.7326896400347,10018.059586040381,3360.0,11,6.814230065404794,74.95653071945273,0.06699522250459874
122,https://g17.dhi-roma.it/resources/institution_272,Gadicensis,0.0664110651079062,153.0,1726.301592944156,10357.809557664936,1867.0,6,7.453731051791831,44.722386310750984,0.0664110651079062
220,https://g17.dhi-roma.it/resources/institution_423,Nucerina,0.06615508491198797,74.5,138.49751970608176,2492.9553547094715,2302.0,18,4.93075428584694,88.75357714524492,0.06615508491198797
353,https://g17.dhi-roma.it/resources/institution_629,Vicensis,0.06486780150302693,104.0,849.6816804226968,30588.540495217083,8795.4,36,6.744848243877914,242.81453677960488,0.06486780150302693
229,https://g17.dhi-roma.it/resources/institution_436,Oxonensis,0.06396436513368763,112.0,1293.2336559158823,34917.30870972882,4738.0,27,7.164897077075152,193.4522210810291,0.06396436513368763
206,https://g17.dhi-roma.it/resources/institution_405,Narniensis,0.06307626404809953,67.0,71.13126640762216,1209.2315289295768,2623.0,17,4.262441934584171,72.46151288793091,0.06307626404809953
339,https://g17.dhi-roma.it/resources/institution_605,Valentina,0.06305887258156732,111.5,1120.8740815517226,22417.481631034454,4703.0,20,7.021853944091525,140.4370788818305,0.06305887258156732
151,https://g17.dhi-roma.it/resources/institution_318,Laudensis,0.06298476771049327,97.0,450.32114935483645,5403.853792258037,1639.0,12,6.10996096141643,73.31953153699716,0.06298476771049327
333,https://g17.dhi-roma.it/resources/institution_593,Ulixboniensis,0.06277209267213718,120.0,1867.4151190215853,35480.88726141012,2254.0,19,7.5323103998182,143.1138975965458,0.06277209267213718
189,https://g17.dhi-roma.it/resources/institution_379,Miletensis,0.061965326454649444,99.5,475.3147706369794,2851.8886238218765,722.0,6,6.163977186013678,36.98386311608207,0.061965326454649444
354,https://g17.dhi-roma.it/resources/institution_63,Aquilana,0.06139130461116451,73.5,90.08089868344186,3423.0741499707906,7946.4,38,4.5005053800584625,171.01920444222156,0.06139130461116451
35,https://g17.dhi-roma.it/resources/institution_142,Caietana,0.06090297783295872,75.0,111.29130484189419,779.0391338932593,1479.0,7,4.7083087881602115,32.95816151712148,0.06090297783295872
359,https://g17.dhi-roma.it/resources/institution_637,Viterbiensis,0.06081404612325022,69.0,67.30456924854705,874.9594002311118,985.0,13,4.2065804246495695,54.68554552044441,0.06081404612325022
12,https://g17.dhi-roma.it/resources/institution_114,Bituntina,0.060739332973497116,97.0,361.9770721362867,6877.564370589448,3573.0,19,5.891578698801408,111.93999527722674,0.060739332973497116
244,https://g17.dhi-roma.it/resources/institution_459,Pistoriensis,0.06045185407338215,92.0,262.6407214041014,3939.610821061521,2380.0,15,5.570502679220518,83.55754018830777,0.06045185407338215
253,https://g17.dhi-roma.it/resources/institution_469,Portugallensis,0.0603481885237312,124.0,1763.116993364199,8815.584966820996,1509.0,5,7.474829816369265,37.374149081846326,0.0603481885237312
69,https://g17.dhi-roma.it/resources/institution_190,Civitatis Ducalis,0.060225427165481696,69.5,65.99462797874155,395.9677678724493,950.0,6,4.189539383977326,25.137236303863958,0.060225427165481696
94,https://g17.dhi-roma.it/resources/institution_223,Cremonensis,0.05844143509462812,103.0,411.8013756589562,10706.835767132861,4936.4,26,6.020504141675508,156.5331076835632,0.05844143509462812
153,https://g17.dhi-roma.it/resources/institution_324,Legionensis,0.05798245745102616,126.0,1489.9680655768548,43209.073901728785,6909.0,29,7.306506768179929,211.88869627721795,0.05798245745102616
117,https://g17.dhi-roma.it/resources/institution_266,Fossanensis,0.05728738497113916,108.0,486.1997885955194,3403.398520168636,752.0,7,6.186619408536973,43.30633585975881,0.05728738497113916
95,https://g17.dhi-roma.it/resources/institution_224,Cretensis,0.05628340719330367,123.0,1014.7529167695296,9132.776250925766,1900.0,9,6.922400219562343,62.301601976061086,0.05628340719330367
171,https://g17.dhi-roma.it/resources/institution_354,Maioricensis,0.05611706235416565,120.0,841.317635875394,15143.717445757093,5425.0,18,6.734968937373884,121.22944087272991,0.05611706235416565
265,https://g17.dhi-roma.it/resources/institution_484,Redonensis,0.055647975888219396,129.0,1310.3119119753503,17034.054855679555,2719.0,13,7.178020103535331,93.3142613459593,0.055647975888219396
19,https://g17.dhi-roma.it/resources/institution_125,Bracharensis,0.05525197512851762,135.0,1736.6891763262136,39943.85105550291,4039.4,23,7.459733005068144,171.57385911656732,0.05525197512851762
393,https://g17.dhi-roma.it/resources/institution_713,Elborensis,0.05498854305102104,136.0,1770.2549831433384,12391.784882003369,894.0,7,7.478878801872176,52.35215161310523,0.05498854305102104
8,https://g17.dhi-roma.it/resources/institution_110,Bisignanensis,0.05482758604230605,110.0,415.93851343911945,2911.569594073836,1739.0,7,6.0305371360114295,42.213759952080004,0.05482758604230605
52,https://g17.dhi-roma.it/resources/institution_166,Cassanensis,0.054453156712679425,110.0,399.23949257092806,2794.6764479964963,1711.0,7,5.989561223533484,41.92692856473439,0.054453156712679425
205,https://g17.dhi-roma.it/resources/institution_403,Nannetensis,0.053679996535789254,133.0,1259.8648538805494,28976.891639252633,6571.0,23,7.138759127685074,164.1914599367567,0.053679996535789254
96,https://g17.dhi-roma.it/resources/institution_23,Adriensis,0.053595147455910666,115.5,352.3039522914424,2818.431618331539,1283.0,8,5.864494172068289,46.91595337654631,0.053595147455910666
290,https://g17.dhi-roma.it/resources/institution_528,Segobiensis,0.05321157646916306,136.0,1389.8899112591162,45866.367071550834,6149.0,33,7.236979602207413,238.82032687284462,0.05321157646916306
183,https://g17.dhi-roma.it/resources/institution_369,Mediolanensis,0.05317861754504185,116.0,477.580370330451,14804.99148024398,4480.0,31,6.168732077629868,191.2306944065259,0.05317861754504185
104,https://g17.dhi-roma.it/resources/institution_246,Elnensis,0.05290363305406563,127.0,788.8362433378522,22087.41481345986,8598.0,28,6.6705579502218315,186.77562260621127,0.05290363305406563
291,https://g17.dhi-roma.it/resources/institution_529,Seguntin,0.05262933647015918,136.0,1267.444528182102,39290.78037364516,7931.4,31,7.1447415489998285,221.48698801899468,0.05262933647015918
394,https://g17.dhi-roma.it/resources/institution_714,Fanensis,0.05238020565984612,103.0,221.41953647703048,1992.7758282932743,1840.0,9,5.399993826214745,48.599944435932706,0.05238020565984612
306,https://g17.dhi-roma.it/resources/institution_556,Tarvisina,0.05207815954674352,116.0,420.70780127950144,7993.448224310528,2715.0,19,6.041918503967072,114.79645157537438,0.05207815954674352
303,https://g17.dhi-roma.it/resources/institution_551,Taranthasiensis,0.05198956587834982,126.5,623.9667549882726,6239.667549882725,4345.0,10,6.436096953278259,64.36096953278259,0.05198956587834982
305,https://g17.dhi-roma.it/resources/institution_555,Tarraconensis,0.05147959825131325,133.0,943.6173607890571,16041.495133413971,8551.0,17,6.849701317710046,116.44492240107078,0.05147959825131325
139,https://g17.dhi-roma.it/resources/institution_298,Illerdensis,0.051058026004648774,135.0,986.6859857210702,44400.86935744816,11568.0,45,6.894343968564106,310.2454785853848,0.051058026004648774
174,https://g17.dhi-roma.it/resources/institution_357,Marsicana,0.05003041885834366,90.5,79.06435524327134,790.6435524327134,1129.0,10,4.368578281247276,43.685782812472766,0.05003041885834366
224,https://g17.dhi-roma.it/resources/institution_431,Oscensis,0.04992035166417305,140.5,1052.9479294762934,12635.375153715522,5442.0,12,6.959336427534268,83.51203713041122,0.04992035166417305
78,https://g17.dhi-roma.it/resources/institution_204,Conchensis,0.04969042798548312,143.5,1237.2884678305404,54440.69258454378,8457.0,44,7.1206753350806276,313.3097147435476,0.04969042798548312
111,https://g17.dhi-roma.it/resources/institution_259,Feruntina,0.049555687638108095,85.0,67.74401041273852,948.4161457783393,1763.0,14,4.215720870377294,59.02009218528211,0.049555687638108095
67,https://g17.dhi-roma.it/resources/institution_189,Civitatis Castelli,0.04918366734378798,105.0,175.81075034749193,4395.268758687298,3394.0,25,5.169196594905051,129.22991487262627,0.04918366734378798
33,https://g17.dhi-roma.it/resources/institution_140,Caesaraugustana,0.04903922829660108,143.0,1111.5208671207997,71137.33549573118,18164.0,64,7.013481976058364,448.8628464677353,0.04903922829660108
50,https://g17.dhi-roma.it/resources/institution_162,Carthaginensis,0.048500326914058825,147.0,1248.0577273581819,13728.635000940001,2666.0,11,7.129343709823582,78.4227808080594,0.048500326914058825
409,https://g17.dhi-roma.it/resources/institution_86,Auriensis,0.04822689741649648,154.0,1683.7874335308654,42094.68583827164,6662.0,25,7.428789664873083,185.71974162182707,0.04822689741649648
114,https://g17.dhi-roma.it/resources/institution_262,Florentina,0.04818961725702787,113.0,233.8899848600051,3742.2397577600814,2506.0,16,5.454544780498879,87.27271648798207,0.04818961725702787
328,https://g17.dhi-roma.it/resources/institution_586,Tudensis,0.04816488610503836,155.0,1750.4948954304753,19255.443849735228,1985.0,11,7.4676438151202325,82.14408196632256,0.04816488610503836
105,https://g17.dhi-roma.it/resources/institution_248,Elvensis,0.048137868542352996,154.5,1700.4179193296288,10202.507515977773,810.0,6,7.438621349337382,44.63172809602429,0.048137868542352996
86,https://g17.dhi-roma.it/resources/institution_215,Cordubensis,0.04796236395051324,153.0,1539.5702746732181,16935.2730214054,2950.0,11,7.3392536837196305,80.73179052091594,0.04796236395051324
173,https://g17.dhi-roma.it/resources/institution_356,Marianensis,0.04793059630437066,125.0,399.79041927514794,2398.7425156508875,831.0,6,5.990940454800363,35.94564272880218,0.04793059630437066
241,https://g17.dhi-roma.it/resources/institution_456,Pientina,0.0475599864979452,105.0,147.43218259415247,1032.0252781590673,525.0,7,4.9933681675277315,34.95357717269412,0.0475599864979452
349,https://g17.dhi-roma.it/resources/institution_624,Verulana,0.047109382990526506,93.0,80.67618051593507,726.0856246434157,2262.0,9,4.390422016058401,39.51379814452561,0.047109382990526506
141,https://g17.dhi-roma.it/resources/institution_305,Ispalensis,0.04708810204233353,157.5,1660.5296370870522,96310.71895104903,13452.4,58,7.414888219207084,430.06351671401086,0.04708810204233353
412,https://g17.dhi-roma.it/resources/institution_92,Aversana,0.046612634957448905,111.0,176.48079144855498,4764.981369110985,7665.0,27,5.173205427916206,139.67654655373755,0.046612634957448905
99,https://g17.dhi-roma.it/resources/institution_234,Dertusensis,0.04645327385499896,158.0,1008.0096311254326,18144.173360257788,9050.0,18,6.915732783385433,124.48319010093779,0.04645327385499896
219,https://g17.dhi-roma.it/resources/institution_421,Novariensis,0.04607967921914589,135.0,504.0999098237582,12602.497745593955,4586.0,25,6.222745996511975,155.56864991279937,0.04607967921914589
164,https://g17.dhi-roma.it/resources/institution_345,Lucensis,0.045594297083980474,162.5,1651.7777042181958,19821.33245061835,2297.0,12,7.409601905503546,88.91522286604255,0.045594297083980474
361,https://g17.dhi-roma.it/resources/institution_641,Volaterrana,0.045454662716054056,118.0,215.5945996521592,2371.540596173751,1751.0,11,5.373068105152139,59.10374915667353,0.045454662716054056
406,https://g17.dhi-roma.it/resources/institution_78,Astoricensis,0.044318579056456545,165.5,1531.0431915086294,36745.03659620711,5845.4,24,7.33370113575828,176.00882725819872,0.044318579056456545
169,https://g17.dhi-roma.it/resources/institution_351,Maceratensis,0.043893934422706254,168.0,174.92842692519645,1399.4274154015716,2091.0,8,5.164372580452313,41.314980643618505,0.043893934422706254
228,https://g17.dhi-roma.it/resources/institution_435,Ovetensis,0.04383415462783095,168.0,1510.0091893044291,33220.20216469744,5598.0,22,7.3198709494539065,161.03716088798595,0.04383415462783095
414,https://g17.dhi-roma.it/resources/institution_98,Barbastrensis,0.043716831228707426,160.5,1028.2966932828456,6169.780159697073,1244.0,6,6.935635160981666,41.613810965889996,0.043716831228707426
233,https://g17.dhi-roma.it/resources/institution_440,Palentina,0.042882474228710686,169.0,1404.9256267805179,18264.033148146733,2738.0,13,7.247739374129027,94.22061186367735,0.042882474228710686
262,https://g17.dhi-roma.it/resources/institution_481,Ravennatensis,0.04239982868005316,133.0,281.1031195705034,3373.2374348460407,1523.0,12,5.638721367811358,67.6646564137363,0.04239982868005316
61,https://g17.dhi-roma.it/resources/institution_180,Cenetensis,0.04190461422823203,146.0,456.2844815204286,2281.422407602143,742.0,5,6.123066374915033,30.615331874575165,0.04190461422823203
369,https://g17.dhi-roma.it/resources/institution_668,Vercellensis,0.039877613327819424,156.0,502.6199954585859,8544.53992279596,6367.0,17,6.219832990514749,105.73716083875073,0.039877613327819424
329,https://g17.dhi-roma.it/resources/institution_587,Tullensis,0.03963400896512658,172.0,912.5216916580802,11862.781991555043,3912.0,13,6.816211121614804,88.61074458099245,0.03963400896512658
66,https://g17.dhi-roma.it/resources/institution_188,Civitatis Castellanae,0.0396245703423649,96.0,44.937291205389194,224.68645602694596,1029.0,5,3.8052645743437616,19.026322871718808,0.0396245703423649
309,https://g17.dhi-roma.it/resources/institution_560,Terulensis,0.03832216395326624,184.0,1153.608684476024,14996.912898188313,3397.0,13,7.0506501256049825,91.65845163286477,0.03832216395326624
314,https://g17.dhi-roma.it/resources/institution_566,Tirasonensis,0.03828055327523204,243.0,1177.5933681898462,9420.74694551877,3850.0,8,7.071227623332378,56.569820986659025,0.03828055327523204
6,https://g17.dhi-roma.it/resources/institution_107,Beneventana,0.037350361017201815,143.0,208.16791960518657,8118.548864602276,7568.0,39,5.337949295243059,208.1800225144793,0.037350361017201815
382,https://g17.dhi-roma.it/resources/institution_694,Patavina,0.036881436506788406,162.0,394.33868149448125,9069.789674373069,3712.0,23,5.97716565046946,137.4748099607976,0.036881436506788406
355,https://g17.dhi-roma.it/resources/institution_630,Vicentina,0.03664147700693722,165.0,412.8676632836254,9908.82391880701,4828.0,24,6.023126777884635,144.55504266923126,0.03664147700693722
260,https://g17.dhi-roma.it/resources/institution_48,Anagnina,0.03556727760692598,114.0,52.81607648386315,739.4250707740841,7634.0,14,3.9520050125093014,55.32807017513022,0.03556727760692598
145,https://g17.dhi-roma.it/resources/institution_309,Justinopolitana,0.03528827305180319,171.0,417.5042366309,3757.5381296780997,1526.0,9,6.034294691858346,54.308652226725115,0.03528827305180319
127,https://g17.dhi-roma.it/resources/institution_279,Giennensis,0.03460819375196013,211.0,1463.9672416847295,17567.606900216753,2708.0,12,7.288905218111805,87.46686261734166,0.03460819375196013
125,https://g17.dhi-roma.it/resources/institution_276,Gebennensis,0.03419609907385204,198.0,697.0281291630741,4182.168774978445,2523.0,6,6.546824597313962,39.28094758388377,0.03419609907385204
310,https://g17.dhi-roma.it/resources/institution_561,Theanensis,0.0338633014709665,148.0,150.01559852231344,2700.280773401642,6858.0,18,5.010736619952253,90.19325915914055,0.0338633014709665
74,https://g17.dhi-roma.it/resources/institution_199,Collensis,0.03372880603218781,186.5,203.08039933526896,1624.6431946821517,2367.0,8,5.3136018372020075,42.50881469761606,0.03372880603218781
73,https://g17.dhi-roma.it/resources/institution_197,Clusinensis,0.03368782090679802,145.0,132.26217064505224,1058.097365160418,951.0,8,4.88478609000069,39.07828872000552,0.03368782090679802
41,https://g17.dhi-roma.it/resources/institution_15,Abulensis,0.03323152807897692,219.0,1445.6132208317058,46259.623066614586,9168.0,32,7.276281573198132,232.8410103423402,0.03323152807897692
93,https://g17.dhi-roma.it/resources/institution_222,Cremensis,0.03316765352723829,184.0,447.17282371891025,2235.864118594551,1314.0,5,6.102945131360804,30.51472565680402,0.03316765352723829
196,https://g17.dhi-roma.it/resources/institution_389,Monopolitana,0.031740920927846174,190.0,415.8035729294137,2079.0178646470686,855.0,5,6.030212335517755,30.151061677588775,0.031740920927846174
337,https://g17.dhi-roma.it/resources/institution_599,Urbis seu Romana,0.030823424310610272,11.0,4.504836643892626,90.09673287785253,439.8,20,0.7811594387158063,15.623188774316125,0.030823424310610272
132,https://g17.dhi-roma.it/resources/institution_287,Grossetana,0.03072061326770042,163.0,150.0585813000413,750.2929065002065,2512.0,5,5.011024173319969,25.055120866599843,0.03072061326770042
77,https://g17.dhi-roma.it/resources/institution_203,Compostellana,0.030549716535605446,244.0,1730.4911326922625,60567.18964422918,21206.0,35,7.456158559337229,260.965549576803,0.030549716535605446
358,https://g17.dhi-roma.it/resources/institution_636,Visensis,0.030388654204943136,245.0,1710.943507686035,15398.491569174315,2739.0,9,7.444800185620704,67.00320167058634,0.030388654204943136
321,https://g17.dhi-roma.it/resources/institution_578,Tricaricensis,0.03033491755548662,192.0,337.9784972107064,3041.8064748963575,5716.0,9,5.822981181923529,52.406830637311764,0.03033491755548662
236,https://g17.dhi-roma.it/resources/institution_443,Papiensis,0.030290715154778818,202.0,456.9345215000203,9138.690430000406,6240.0,20,6.124425301043572,122.48850602087144,0.030290715154778818
307,https://g17.dhi-roma.it/resources/institution_557,Terdonensis,0.02988463805303475,204.0,443.81500383187307,8432.485072805588,10531.0,19,6.095406931820781,115.81273170459484,0.02988463805303475
230,https://g17.dhi-roma.it/resources/institution_437,Pacensis,0.029710569438180394,250.0,1684.8491557451234,11793.944090215864,1656.0,7,7.4294244624861365,52.00597123740295,0.029710569438180394
213,https://g17.dhi-roma.it/resources/institution_412,Neocastrensis,0.029173260125860728,210.0,455.0490010420285,3185.3430072941997,2628.0,7,6.120277583333135,42.84194308333195,0.029173260125860728
340,https://g17.dhi-roma.it/resources/institution_608,Vallisolitana,0.02905012371242168,251.0,1431.6779659357628,11453.423727486103,5462.0,8,7.266592379628883,58.132739037031065,0.02905012371242168
348,https://g17.dhi-roma.it/resources/institution_623,Venusina,0.028738344559623236,198.0,296.104470384338,2072.731292690366,1700.0,7,5.690711522824874,39.83498065977412,0.028738344559623236
38,https://g17.dhi-roma.it/resources/institution_146,Calvensis,0.028073598460245177,192.0,219.60922851107395,1537.2645995775176,4674.0,7,5.391840935290211,37.742886547031475,0.028073598460245177
110,https://g17.dhi-roma.it/resources/institution_258,Ferrariensis,0.027920711492830933,208.0,333.9984696757185,4341.980105784341,1994.0,13,5.811135182441482,75.54475737173927,0.027920711492830933
255,https://g17.dhi-roma.it/resources/institution_471,Potentina,0.027477866536525408,222.0,307.0815935459777,1842.489561275866,1690.0,6,5.726775981327709,34.36065588796625,0.027477866536525408
187,https://g17.dhi-roma.it/resources/institution_375,Messanensis,0.026907182896420107,230.0,486.77143246081255,29206.285947648754,14661.2,60,6.187781804237536,371.2669082542522,0.026907182896420107
36,https://g17.dhi-roma.it/resources/institution_143,Calaguritana,0.026494484847561922,267.5,1197.0873276245286,23941.74655249057,10145.0,20,7.087634615178959,141.75269230357918,0.026494484847561922
28,https://g17.dhi-roma.it/resources/institution_134,Burgensis,0.02534944783530009,284.0,1341.4138042498298,29511.103693496258,11161.0,22,7.201463697357588,158.43220134186694,0.02534944783530009
341,https://g17.dhi-roma.it/resources/institution_609,Valvensis,0.023864980836119116,234.0,265.8439922697776,3721.815891776886,4693.0,14,5.582908147007193,78.1607140581007,0.023864980836119116
270,https://g17.dhi-roma.it/resources/institution_493,Rossanensis,0.021857366547089523,278.0,435.37009406757824,5224.441128810939,3230.0,12,6.076196334047508,72.9143560085701,0.021857366547089523
87,https://g17.dhi-roma.it/resources/institution_216,Corisopitensis,0.020315289140910603,690.5,1469.8599234474082,11758.879387579265,8268.0,8,7.292922098509583,58.34337678807666,0.020315289140910603
375,https://g17.dhi-roma.it/resources/institution_682,Bisceglie,0.019191060456909305,304.0,339.5032466444025,2376.5227265108174,2696.0,7,5.827265243511511,40.79085670458058,0.019191060456909305
316,https://g17.dhi-roma.it/resources/institution_569,Toletana,0.018411691941160463,540.0,1417.683514716978,11341.468117735823,4824.0,8,7.256741865744681,58.05393492595745,0.018411691941160463
20,https://g17.dhi-roma.it/resources/institution_126,Brindusina,0.018141499581522374,340.0,478.1057254773913,8605.903058593043,17250.0,18,6.1698313213507525,111.05696378431355,0.018141499581522374
70,https://g17.dhi-roma.it/resources/institution_191,Civitatis Plebis,0.01729083882989463,279.0,123.82558281543994,742.9534968926397,1407.0,6,4.8188614130365615,28.91316847821937,0.01729083882989463
178,https://g17.dhi-roma.it/resources/institution_363,Materanensis,0.01719669806858881,344.0,370.613109749589,6300.422865743013,4720.0,17,5.915158090462974,100.55768753787056,0.01719669806858881
47,https://g17.dhi-roma.it/resources/institution_16,Acernensis,0.017195990427482415,321.0,246.13527796815399,1722.9469457770779,1791.0,7,5.505405173217369,38.53783621252158,0.017195990427482415
267,https://g17.dhi-roma.it/resources/institution_488,Rheginensis,0.016656204435393777,373.0,499.0150095447058,2495.0750477235288,4357.0,5,6.212636141725544,31.06318070862772,0.016656204435393777
140,https://g17.dhi-roma.it/resources/institution_304,Iserniensis,0.0155774320466128,321.0,148.58421005671755,1485.8421005671755,4076.0,10,5.001149030337279,50.01149030337279,0.0155774320466128
210,https://g17.dhi-roma.it/resources/institution_409,Neapolitana,0.014585955050105754,359.0,188.27615091865917,1882.7615091865916,6065.0,10,5.237907970345452,52.379079703454515,0.014585955050105754
387,https://g17.dhi-roma.it/resources/institution_702,Triventinus,0.013602586995279498,378.0,169.72304480658806,1866.9534928724686,5449.0,11,5.133641871118827,56.4700605823071,0.013602586995279498
308,https://g17.dhi-roma.it/resources/institution_559,Terracinensis,0.01048855974865969,451.5,88.0607606005677,704.4860848045416,4244.0,8,4.47254718861843,35.78037750894744,0.01048855974865969
97,https://g17.dhi-roma.it/resources/institution_231,Cusentina,0.007978192097457076,761.0,427.6353868329117,5131.62464199494,6298.0,12,6.058176038943106,72.69811246731727,0.007978192097457076
79,https://g17.dhi-roma.it/resources/institution_205,Concordiensis,0.007366495562306793,822.0,426.2671727761982,2983.8702094333876,4109.0,7,6.055066203941443,42.3854634275901,0.007366495562306793
278,https://g17.dhi-roma.it/resources/institution_504,Salernitana,0.006633780342201908,822.0,229.45738151150465,3900.775485695579,11344.0,17,5.435061755652625,92.39604984609463,0.006633780342201908
232,https://g17.dhi-roma.it/resources/institution_44,Amalphitana,0.00659097195301879,822.0,225.47027546965805,1803.7622037572644,5853.0,8,5.418187748756039,43.34550199004831,0.00659097195301879
218,https://g17.dhi-roma.it/resources/institution_42,Alifana,0.00622113501188942,822.0,162.60670308682595,2926.920655562867,11166.0,18,5.090064291497904,91.62115724696227,0.00622113501188942
53,https://g17.dhi-roma.it/resources/institution_167,Castellanetensis,0.005039672667064973,1188.0,398.27038283035535,1991.3519141517768,5940.0,5,5.987131128473187,29.935655642365937,0.005039672667064973
384,https://g17.dhi-roma.it/resources/institution_699,Aquensis in Provincie,0.0038964029003209226,1644.0,604.5358494349568,3022.679247174784,5846.0,5,6.4044579582981225,32.022289791490614,0.0038964029003209226
